model,threshold,accuracy,precision,recall,f1,roc_auc,pr_auc
Tuned Random Forest + Business Threshold,0.42000000000000015,0.7090909090909091,0.5160642570281124,0.7648809523809523,0.6163069544364509,0.8078915794066317,0.6799952696731529
Logistic Regression,0.5,0.7481818181818182,0.5681293302540416,0.7321428571428571,0.6397919375812744,0.8165708364497631,0.7045416593300178
Decision Tree,0.5,0.7336363636363636,0.5530864197530864,0.6666666666666666,0.6045883940620783,0.7687725941161805,0.6167956192550703
Tuned Random Forest,0.5,0.7527272727272727,0.5864864864864865,0.6458333333333334,0.6147308781869688,0.8078915794066317,0.6799952696731529
Gradient Boosting,0.5,0.7872727272727272,0.7090163934426229,0.5148809523809523,0.596551724137931,0.8081720580902518,0.6903779394254637
Random Forest,0.5,0.78,0.7216981132075472,0.45535714285714285,0.5583941605839416,0.7982773934181002,0.6632216261517612
